condition,write_algorithm,read_algorithm,n,write_latency_ms_mean,write_latency_ms_p50,write_latency_ms_p95,write_latency_ms_p99,write_latency_ms_std,flush_latency_ms_mean,flush_latency_ms_p50,flush_latency_ms_p95,flush_latency_ms_p99,flush_latency_ms_std,total_bytes_written_mean,total_bytes_written_p50,total_bytes_written_p95,total_bytes_written_p99,total_bytes_written_std,handoff_latency_ms_mean,handoff_latency_ms_p50,handoff_latency_ms_p95,handoff_latency_ms_p99,handoff_latency_ms_std,context_payload_bytes_mean,context_payload_bytes_p50,context_payload_bytes_p95,context_payload_bytes_p99,context_payload_bytes_std,context_token_count_mean,context_token_count_p50,context_token_count_p95,context_token_count_p99,context_token_count_std,compression_ratio_mean,compression_ratio_p50,compression_ratio_p95,compression_ratio_p99,compression_ratio_std,input_token_delta_mean,input_token_delta_p50,input_token_delta_p95,input_token_delta_p99,input_token_delta_std,estimated_cost_usd_mean,estimated_cost_usd_p50,estimated_cost_usd_p95,estimated_cost_usd_p99,estimated_cost_usd_std,input_tokens_used_mean,input_tokens_used_p50,input_tokens_used_p95,input_tokens_used_p99,input_tokens_used_std,output_tokens_used_mean,output_tokens_used_p50,output_tokens_used_p95,output_tokens_used_p99,output_tokens_used_std,simulator_input_tokens_mean,simulator_input_tokens_p50,simulator_input_tokens_p95,simulator_input_tokens_p99,simulator_input_tokens_std,simulator_output_tokens_mean,simulator_output_tokens_p50,simulator_output_tokens_p95,simulator_output_tokens_p99,simulator_output_tokens_std,handoff_input_tokens_mean,handoff_input_tokens_p50,handoff_input_tokens_p95,handoff_input_tokens_p99,handoff_input_tokens_std,handoff_output_tokens_mean,handoff_output_tokens_p50,handoff_output_tokens_p95,handoff_output_tokens_p99,handoff_output_tokens_std,execution_latency_ms_mean,execution_latency_ms_p50,execution_latency_ms_p95,execution_latency_ms_p99,execution_latency_ms_std,simulated_wan_latency_ms_mean,simulated_wan_latency_ms_p50,simulated_wan_latency_ms_p95,simulated_wan_latency_ms_p99,simulated_wan_latency_ms_std,retrieval_accuracy_score_mean,retrieval_accuracy_score_p50,retrieval_accuracy_score_p95,retrieval_accuracy_score_p99,retrieval_accuracy_score_std,state_integrity_score_mean,state_integrity_score_p50,state_integrity_score_p95,state_integrity_score_p99,state_integrity_score_std
D_W0_R0,W0,R0,30,0.003279167018869581,0.00232499951380305,0.008170626279024864,0.011309621331747623,0.0022646813637397113,0.003279167018869581,0.00232499951380305,0.008170626279024864,0.011309621331747623,0.0022646813637397113,3637.866666666667,3639.5,4402.349999999999,4624.29,424.8533655536016,3863.386406665086,3816.7472500063013,4822.140009995201,5105.771326003887,547.8875785438208,4127.4,4125.0,4973.199999999999,5204.91,446.5073795582778,959.9666666666667,914.0,1267.9499999999994,1355.84,131.86116014792057,1.0,1.0,1.0,1.0,0.0,0.0,0.0,0.0,0.0,0.0,0.0024446333333333335,0.0023395,0.0029026499999999997,0.003571210000000001,0.00033796187983591025,3696.0,3660.5,4200.4,4292.1,249.9351915997425,1189.4666666666667,1140.0,1521.8999999999994,1722.7,164.65372418772947,2736.0333333333333,2747.0,2932.55,2936.55,131.04515337173757,892.5333333333333,846.0,1194.8499999999995,1279.71,129.41064699457905,959.9666666666667,914.0,1267.9499999999994,1355.84,131.86116014792057,296.93333333333334,284.5,338.59999999999997,449.79000000000013,47.005626140802434,16886.004299999993,16845.076,20106.669949999992,21970.6556,1730.3634159922233,0.0,0.0,0.0,0.0,0.0,0.9966666666666666,1.0,1.0,1.0,0.012472191289246485,0.65,1.0,1.0,1.0,0.4163331998932265
D_W0_R1,W0,R1,30,0.0038483326837498075,0.00334375181409996,0.008420622543781058,0.01186112342111301,0.002425198778374665,0.0038483326837498075,0.00334375181409996,0.008420622543781058,0.01186112342111301,0.002425198778374665,3576.6666666666665,3492.0,4363.05,4456.04,369.31805022530676,4337.089656665921,4169.056250000722,5110.618494995286,7089.745025996237,744.612219876783,1881.4,1820.0,2802.3499999999995,2941.43,374.28167645949935,469.1,437.0,754.4499999999995,845.42,120.24429300386775,2.2038484999859222,2.2226741665942154,2.483589119799314,2.6511276170705504,0.22540112363437428,530.7,536.0,538.55,539.71,17.430146298869666,0.0021131,0.0020175,0.003240149999999999,0.00340397,0.00042203462338217385,3238.6666666666665,3209.0,3606.1,3740.98,193.37740876902404,1233.4666666666667,1189.5,1613.849999999999,1782.3,171.10264625526852,2769.5666666666666,2777.5,2920.4,2933.23,95.97280286044004,904.6666666666666,873.5,1175.1999999999996,1271.01,119.10732788353349,469.1,437.0,754.4499999999995,845.42,120.24429300386775,328.8,318.0,511.55,512.0,66.03251724213862,17124.692166666668,16739.65,19264.66445,20173.29455,1556.5738247766706,0.0,0.0,0.0,0.0,0.0,0.37933333333333324,0.35,0.6,0.6142,0.11114355082004934,0.65,0.875,1.0,1.0,0.39051248379533265
D_W0_R2,W0,R2,30,0.002637916501650276,0.0023187458282336593,0.004116874879400711,0.004682871694967617,0.0007846136026995641,0.002637916501650276,0.0023187458282336593,0.004116874879400711,0.004682871694967617,0.0007846136026995641,3710.8,3582.0,4803.7,5302.09,521.4811853429294,5087.647873334936,4713.394799997332,7269.548089998716,8129.56640100194,1132.7211176902497,1236.0666666666666,1257.5,1351.8999999999999,1395.5,94.80117205088882,295.1,298.0,298.0,298.0,9.129987221604784,3.6988471607642084,3.4725101964197345,5.230105911092539,5.852813298664357,0.6817926844694415,695.5666666666667,661.0,1042.1499999999999,1059.13,142.28039999319031,0.0047746,0.0046995000000000006,0.00550405,0.00553385,0.00043283296239234525,3057.0666666666666,3078.0,3226.15,3232.0,115.05532968484724,1354.3,1323.0,1753.4,1781.8500000000001,177.259536649889,2761.9666666666667,2784.0,2928.15,2934.71,111.33447604203991,920.1666666666666,888.0,1263.6999999999998,1279.71,142.62493548542705,295.1,298.0,298.0,298.0,9.129987221604784,434.1333333333333,423.5,512.0,512.0,67.58684947696722,21777.190100000003,21782.7625,25483.91965,26086.21727,2309.2615655522777,0.0,0.0,0.0,0.0,0.0,0.8268333333333335,0.85,0.9364999999999999,0.95,0.07305800587356748,0.8,1.0,1.0,1.0,0.33788558221188825
D_W0_R3,W0,R3,30,0.002716250795250138,0.0023249976948136464,0.004634385550161824,0.00614462776866276,0.0010465529404258768,0.002716250795250138,0.0023249976948136464,0.004634385550161824,0.00614462776866276,0.0010465529404258768,3675.6666666666665,3579.5,4545.0,4719.43,431.92841485083557,4410.329293333537,4472.243799988064,6399.414639994209,7857.673685992779,1162.682611085708,2178.866666666667,2274.0,3362.0999999999995,3603.2700000000004,720.5482048798369,578.5333333333333,624.0,878.5999999999999,914.5300000000001,189.35851945156546,2.1852586105816365,1.993335934566426,4.191510094401091,5.864181019925702,1.0821511096069356,411.6333333333333,423.0,730.55,731.71,229.67404197156358,0.0025730333333333333,0.0024530000000000003,0.0033341999999999994,0.00347453,0.0005430510401630976,3304.4666666666667,3254.5,3678.35,3762.4500000000003,257.0817941607085,1308.6,1245.5,1790.55,1791.71,223.82338275226442,2725.9333333333334,2732.0,2935.5,2941.42,139.1248679743808,909.7,850.5,1278.55,1279.71,158.6249560020953,578.5333333333333,624.0,878.5999999999999,914.5300000000001,189.35851945156546,398.9,370.5,512.0,512.0,92.45660243234842,18060.4085,17258.7365,21475.36695,32360.935980000013,3945.3316703931646,0.0,0.0,0.0,0.0,0.0,0.6413333333333335,0.65,0.9049999999999997,0.95,0.1779088405772899,0.85,1.0,1.0,1.0,0.24664414311581237
D_W0_R4,W0,R4,30,0.002842916364897974,0.002581247827038169,0.004544997864286413,0.006032753335603049,0.0010288588811378264,0.002842916364897974,0.002581247827038169,0.004544997864286413,0.006032753335603049,0.0010288588811378264,3726.5666666666666,3686.5,4769.95,4828.4400000000005,587.5176413426996,4779.764166669338,4594.939050002722,6721.966555005926,8008.302058998962,1131.4480636890896,3152.0333333333333,3079.0,4106.749999999999,4305.96,559.8641789656567,816.6666666666666,761.5,1164.55,1174.94,175.34163478446553,1.327226978466346,1.3128257677342137,1.4398902687283426,1.4458754726406127,0.05897380170686323,209.23333333333332,207.0,272.0,280.52,32.006961048427506,0.002766666666666667,0.002737,0.00372455,0.00373494,0.0005449461951014573,3555.633333333333,3492.0,4100.3,4115.78,315.4409065982971,1322.3666666666666,1260.0,1792.0,1792.0,245.14614462035138,2738.9666666666667,2759.0,2936.2,2940.84,153.451943255499,932.3666666666667,877.0,1280.0,1280.0,177.31938854946335,816.6666666666666,761.5,1164.55,1174.94,175.34163478446553,390.0,399.0,512.0,512.0,78.65197602942557,22758.506133333332,22818.043,27290.54354999999,29023.30382,2713.205893565209,0.0,0.0,0.0,0.0,0.0,0.7983333333333335,0.85,0.95,0.95,0.1465169690589531,1.0,1.0,1.0,1.0,0.0
D_W1_R0,W1,R0,30,1.0054633331795533,1.0435250060254475,1.2332887497905176,1.2816908780587255,0.18324264830354323,0.010497667535673827,0.008287504897452891,0.01808999804779887,0.02456224290654064,0.004954964871375847,3724.9333333333334,3562.5,4820.15,4937.72,594.5132986083845,4088.3605333336163,3791.3836000079755,6203.791880008062,7520.825424000214,1008.2029393939171,4232.933333333333,4043.5,5369.15,5468.03,621.733218957742,1013.0333333333333,952.5,1356.0,1356.0,176.2642870489904,1.0,1.0,1.0,1.0,0.0,0.0,0.0,0.0,0.0,0.0,0.0025321999999999996,0.002445,0.0033217499999999987,0.0038022200000000003,0.00041367736220392814,3800.6666666666665,3737.5,4290.55,4292.42,277.34266811213087,1248.3,1194.0,1665.0499999999997,1768.96,212.67708699653878,2787.633333333333,2785.5,2934.55,2937.84,108.87193802302266,944.4666666666667,884.5,1280.0,1280.0,173.08547663574268,1013.0333333333333,952.5,1356.0,1356.0,176.2642870489904,303.8333333333333,284.5,401.2499999999998,489.6700000000001,55.93155539486533,17041.419266666668,15946.2485,23720.427549999993,25655.022800000002,3105.7728604819545,0.0,0.0,0.0,0.0,0.0,0.9916666666666667,1.0,1.0,1.0,0.01863389981249826,0.475,0.25,1.0,1.0,0.3997394985070485
D_W1_R1,W1,R1,30,1.0626237496277706,1.0837624977284577,1.214554999023676,1.4253352498053575,0.16007815488490568,0.008088501005355889,0.007312501111300662,0.012225004320498549,0.01656274842389394,0.0026399773235618604,3611.3,3628.0,4043.9499999999994,4290.88,290.34980626823227,4567.200933329877,4328.095099990605,6193.63962499192,7183.99977299152,877.3223220723878,1841.3,1743.0,2441.0499999999984,3039.51,353.67057647854546,441.46666666666664,414.0,613.4999999999997,703.95,84.69306675021018,2.2729102102428906,2.350957694504239,2.5227400620445857,2.5688590801935227,0.25717676375685167,522.4,536.0,539.0,539.71,46.876148874809815,0.0020603,0.001954,0.0026337499999999994,0.0027762000000000004,0.0002845021558207717,3188.8,3163.0,3478.7999999999997,3575.48,159.57702424430235,1193.4666666666667,1175.0,1343.35,1475.96,104.60934736224844,2747.3333333333335,2751.0,2888.25,2919.14,87.81242635425934,869.7,855.0,978.85,1072.17,70.99866195922286,441.46666666666664,414.0,613.4999999999997,703.95,84.69306675021018,323.76666666666665,312.0,405.34999999999997,416.55,43.768088324206666,17789.209366666666,17536.019500000002,22324.720099999995,26872.977220000004,2811.710453438304,0.0,0.0,0.0,0.0,0.0,0.35783333333333334,0.35,0.5049999999999998,0.6139000000000001,0.09627809835171353,0.6916666666666667,1.0,1.0,1.0,0.37462944654981706
D_W1_R2,W1,R2,30,1.0440958337615787,1.0733124963735463,1.2198043752505328,1.227632125519449,0.13303960077741508,0.009089168694724018,0.00753750282456167,0.016888754907995462,0.018828999018296603,0.0035356903574184037,3695.866666666667,3607.0,4540.75,4948.89,528.5937780774782,4672.836723335786,4866.111450013705,5628.460034991439,5943.650033004233,780.3931158796674,1225.0,1213.5,1345.85,1368.17,82.00609733428362,291.1333333333333,298.0,298.0,298.71,12.04362440832862,3.6964487924446403,3.4992822966507178,4.944142217821473,4.97660028929776,0.5373267318158875,691.7,635.5,1057.55,1059.42,168.0722364540517,0.004651633333333334,0.0046335000000000005,0.00552915,0.00554613,0.0004722434741623105,3040.3,3032.5,3230.0,3233.55,124.79079827188114,1327.1333333333334,1270.5,1776.1499999999999,1791.71,201.47915249198584,2749.1666666666665,2739.0,2932.0,2935.55,118.87502774856551,911.9,858.0,1279.0,1279.71,169.4275361327078,291.1333333333333,298.0,298.0,298.71,12.04362440832862,415.23333333333335,420.5,512.0,512.0,77.5231936619974,20882.917700000005,20782.5225,24990.15455,25749.93029,2096.224205912306,0.0,0.0,0.0,0.0,0.0,0.8096666666666669,0.85,0.92,0.92,0.13459775464529694,0.7666666666666667,1.0,1.0,1.0,0.39228674319799395
D_W1_R3,W1,R3,30,1.0706654168946745,1.0669687544577755,1.2860075050411979,1.6666981260641482,0.20478727601769406,0.008758832652044172,0.00821248977445066,0.013831249452778135,0.01524875180621166,0.002443954302090865,3703.866666666667,3589.5,4674.349999999999,4817.46,428.45557788669555,4441.27070333537,4327.663900010521,5603.267405006044,5756.146560992929,663.4577865860313,2813.5333333333333,2604.0,4024.6,4457.42,782.8953413806697,721.4,638.0,1070.4999999999998,1121.42,196.73054329886517,1.570737241361711,1.5078143617892377,2.3129194379505327,2.4827618579503565,0.4176507936570925,272.6333333333333,266.0,501.9499999999999,671.6800000000002,189.60476142638285,0.0027479,0.002646,0.00362375,0.00368142,0.0004769283209595896,3478.866666666667,3438.5,3943.749999999999,4056.13,265.79437332059706,1317.7333333333333,1247.0,1734.3999999999996,1792.0,176.84455195327777,2757.4666666666667,2761.5,2934.55,2937.13,113.19444430811178,912.4333333333333,873.0,1222.3999999999996,1280.0,123.0140055260195,721.4,638.0,1070.4999999999998,1121.42,196.73054329886517,405.3,377.0,512.0,512.0,79.59822024811022,18425.84776666667,18440.537,22594.9452,22758.21163,2387.3240780282526,0.0,0.0,0.0,0.0,0.0,0.7326666666666667,0.735,0.95,0.95,0.18561489403840653,0.9583333333333334,1.0,1.0,1.0,0.11334558757279536
D_W1_R4,W1,R4,30,1.001516668839031,0.9913062494888436,1.2111231286326074,1.3709232606197477,0.16509570683102548,0.008645000343676656,0.008237497240770608,0.013352495807339437,0.01672975275141653,0.002841275434935222,3667.1,3572.5,4728.849999999997,5429.39,549.8606702308019,4786.495723332821,4599.320400011493,6537.189319994649,7363.638279989828,1017.6146359075974,3053.0,2982.0,4124.749999999997,4759.03,540.1667643731271,788.5333333333333,752.0,1096.7999999999995,1172.68,133.2167990741241,1.350206067065964,1.338512795750845,1.4447503519696523,1.506866556702947,0.06427825154923743,213.73333333333332,211.0,253.59999999999997,266.1,20.086369065170096,0.002782366666666667,0.002653,0.0036248499999999993,0.00373268,0.0004512631518551257,3561.9666666666667,3515.0,4028.6499999999996,4104.13,224.09008357255695,1306.9666666666667,1271.0,1691.0999999999995,1791.71,173.26289915103644,2773.4333333333334,2759.0,2929.1,2933.55,102.23198564485035,908.2,875.5,1211.9499999999996,1279.71,131.00493629376464,788.5333333333333,752.0,1096.7999999999995,1172.68,133.2167990741241,398.76666666666665,381.5,512.0,512.0,77.56231186744128,23037.86503333334,22175.3,27450.474299999998,28720.60146,2754.1959242689995,0.0,0.0,0.0,0.0,0.0,0.8000000000000002,0.85,0.8884999999999998,0.9413,0.09518403227432636,0.9833333333333333,1.0,1.0,1.0,0.08975274678557504
D_W2_R0,W2,R0,30,1.6644895845577896,1.6275000034511322,2.0143806310443324,2.0661803750044783,0.1975925913431806,1.0085400029007967,0.9755500359460711,1.5650050016120072,1.648442008299753,0.24437783634842183,3653.766666666667,3609.0,4767.099999999999,4962.1,546.6391060125704,4108.799130001959,4033.0219000024954,5580.932309998023,6452.6930299963,790.1568168709096,4165.7,4099.0,5338.15,5535.26,577.4734712521433,978.5,924.0,1356.1,1357.0,168.55221742830915,1.0,1.0,1.0,1.0,0.0,0.0,0.0,0.0,0.0,0.0,0.0024674999999999996,0.0024035000000000003,0.003152649999999999,0.0037453200000000008,0.00038642573672052435,3716.5666666666666,3666.0,4291.4,4295.71,304.4096673161934,1209.0,1152.5,1639.3499999999997,1757.7800000000002,199.63984238289376,2738.0666666666666,2745.0,2935.3,2938.71,148.97805953301386,911.2,856.0,1280.0,1280.0,165.41249448978553,978.5,924.0,1356.1,1357.0,168.55221742830915,297.8,287.5,376.4499999999999,477.7800000000001,53.4511615090511,17127.5071,16707.158000000003,20662.134249999992,22453.96366,1959.9427646786755,0.0,0.0,0.0,0.0,0.0,0.9886666666666667,1.0,1.0,1.0,0.029295430056959785,0.5333333333333333,0.625,1.0,1.0,0.45061686115319255
D_W2_R1,W2,R1,30,1.7249791669504095,1.6825500042614294,2.0651149983677892,2.2983256281804643,0.2213700999636684,1.0162866693766166,0.9722499962663278,1.287995009624865,1.9149770124931826,0.27413558672314536,3613.233333333333,3645.0,4119.849999999999,4516.84,359.7370969039597,4334.770263334697,4328.810000006342,5217.1363949921215,5440.56075600558,502.88142282663705,1877.4333333333334,1848.5,2370.5499999999997,2810.9900000000007,287.2486360087527,452.4,438.0,599.5499999999997,787.0000000000002,94.22193658237626,2.2109809532919864,2.234441082224584,2.4671163095999824,2.477098673642166,0.16986857895469326,525.2333333333333,536.0,538.0,538.71,30.649288554367597,0.0021054000000000003,0.0020534999999999998,0.002629399999999999,0.0032150500000000005,0.00033661853781394746,3198.133333333333,3209.0,3484.5499999999993,3722.4500000000003,186.74808938484188,1213.8333333333333,1193.5,1429.0999999999995,1706.4800000000002,148.1618671888583,2745.733333333333,2760.0,2898.8999999999996,2937.55,113.45922419775113,883.2333333333333,877.5,1021.5999999999997,1220.8700000000001,102.88494652874259,452.4,438.0,599.5499999999997,787.0000000000002,94.22193658237626,330.6,328.0,409.74999999999994,485.61000000000007,51.058528507325136,17098.58683333333,17244.2635,19653.964999999997,20789.12887,1698.0880913864291,0.0,0.0,0.0,0.0,0.0,0.36333333333333323,0.35,0.45,0.6630000000000003,0.09630968567883272,0.7333333333333333,1.0,1.0,1.0,0.37601713908928264
D_W2_R2,W2,R2,30,1.6312587504216935,1.668831251663505,1.9883287512129755,2.02327112074272,0.248566207171349,0.9776566682072977,0.8871000027284026,1.4471900038188321,1.5116780126118101,0.21618107957056948,3682.266666666667,3555.0,4549.4,4581.17,502.92358155975234,5455.343979999695,5316.574450000189,7508.1539399980065,9262.243016994618,1249.8558868956716,1215.6,1213.0,1317.65,1336.04,69.74553749165605,296.7,298.0,298.0,298.0,4.259499188089292,3.720852336064112,3.4987190817367884,4.64695224825599,5.274455323869766,0.5529467737972222,717.5,666.0,1055.3,1058.71,148.96436934157555,0.004910066666666667,0.005067,0.0053603,0.00549483,0.0003798836605535378,3083.866666666667,3074.0,3231.55,3232.71,108.1239206754094,1397.7333333333333,1373.5,1665.85,1758.94,156.70501658282106,2787.1666666666665,2776.0,2933.55,2934.71,108.06883094686563,943.0,892.5,1277.65,1279.71,147.01156417098622,296.7,298.0,298.0,298.0,4.259499188089292,454.73333333333335,507.5,512.0,512.0,71.64492693523775,21559.858499999995,21297.706,25914.9215,26316.907600000002,2582.9962629271167,0.0,0.0,0.0,0.0,0.0,0.8388333333333335,0.85,0.9364999999999999,0.95,0.05437038613886136,0.8,1.0,1.0,1.0,0.34399612400917157
D_W2_R3,W2,R3,30,1.6510587499700098,1.6271687472908525,2.0951499951479486,2.2698771176146693,0.262208743229471,0.9833966653483609,0.8776999893598258,1.5006600020569743,1.780922014731914,0.2509555809940459,3570.9666666666667,3611.0,4303.5999999999985,4502.72,390.03098025099945,4483.894130003561,4318.3883000019705,6559.927145001711,6930.713942013099,1195.5318120070358,2497.866666666667,2700.0,3466.5,3619.3900000000003,795.2431382218201,651.7333333333333,673.5,909.5999999999999,966.37,202.68874879698893,1.9309689580891245,1.4653036990212822,4.0454688243833274,6.524779640084688,1.2294116573068368,324.5,245.0,730.0,730.0,218.40539523250487,0.002538066666666666,0.002565,0.0033355,0.00339325,0.0005712970583583368,3410.366666666667,3494.0,3735.7499999999995,3778.26,262.3803198073785,1271.8,1203.0,1673.0999999999992,1791.71,192.8253786892863,2758.633333333333,2779.0,2927.2,2930.42,114.62649005453419,894.5333333333333,877.0,1161.0999999999992,1279.71,120.06018860925086,651.7333333333333,673.5,909.5999999999999,966.37,202.68874879698893,377.26666666666665,356.5,512.0,512.0,94.14454607440388,17586.215799999998,17567.7445,20953.9043,21680.880320000004,2095.606606323865,0.0,0.0,0.0,0.0,0.0,0.6676666666666666,0.66,0.95,0.95,0.18814326692414185,0.9583333333333334,1.0,1.0,1.0,0.1835226295462104
D_W2_R4,W2,R4,30,1.7450408345515218,1.6338937548425747,2.543544993750399,3.7287867482882584,0.5450504132969743,0.9689000066524992,0.8773500303504989,1.3877650140784676,1.5699150107684547,0.21840561704973338,3670.633333333333,3611.0,4675.5,4926.16,506.00174461710657,4691.413236665539,4259.823450003751,6863.182550009512,9237.745127018135,1329.3811972451942,3081.5333333333333,3052.0,4159.349999999999,4286.59,501.97514768052906,797.9333333333333,735.0,1168.6,1176.84,156.97684188723153,1.3368688524085772,1.3242652547585285,1.4845757846852397,1.524227293815105,0.08265705888720255,203.9,204.0,240.14999999999998,253.81,23.833240093057707,0.0027491000000000004,0.0025815,0.0037286,0.00373684,0.00046657084849641714,3538.9,3494.5,4100.15,4113.1,266.23703098304463,1298.4666666666667,1238.5,1791.1,1792.0,198.04506782267737,2740.9666666666667,2757.0,2931.55,2936.26,130.9311481487715,908.2333333333333,858.5,1279.1,1280.0,153.93303378056606,797.9333333333333,735.0,1168.6,1176.84,156.97684188723153,390.23333333333335,363.5,512.0,512.0,76.66754347324702,21721.550700000003,21316.339500000002,26470.281799999997,27216.88992,2483.9300262576257,0.0,0.0,0.0,0.0,0.0,0.8410000000000004,0.85,0.9364999999999999,0.95,0.07431240363043934,0.975,1.0,1.0,1.0,0.1346291201783626
D_W3_R0,W3,R0,30,5.671333333521034,7.07219999821973,14.884735633313538,15.33839550902485,4.8795647391504895,0.11863000496911506,0.11424999684095383,0.19974000751972198,0.2172109959064983,0.04891810583263788,6036.733333333334,5951.0,7036.449999999999,7417.12,466.6549712820193,3947.333763333154,3650.3274999995483,5209.516905008056,8708.944349003144,1249.5267871384867,4123.066666666667,4036.5,5120.999999999999,5500.700000000001,465.3986773604851,978.1,928.5,1317.1499999999999,1354.97,133.22320868877665,1.0,1.0,1.0,1.0,0.0,0.0,0.0,0.0,0.0,0.0,0.002433266666666667,0.0024105000000000003,0.0028618999999999997,0.0036264200000000013,0.00035992387466734626,3728.9333333333334,3686.5,4232.9,4284.56,237.67287509422601,1201.5333333333333,1160.0,1553.3499999999997,1732.8400000000001,168.27393011264567,2750.8333333333335,2759.5,2917.25,2933.94,119.07227030486801,910.5,861.0,1244.3999999999999,1278.55,130.85532723839205,978.1,928.5,1317.1499999999999,1354.97,133.22320868877665,291.03333333333336,289.0,333.4,461.25000000000017,52.28287376272357,17021.027199999997,16453.3305,22785.345499999996,23362.85599,2605.5301774462387,0.0,0.0,0.0,0.0,0.0,0.9933333333333334,1.0,1.0,1.0,0.01699673171197597,0.525,0.5,1.0,1.0,0.4100304866714181
D_W3_R1,W3,R1,30,6.563818749903779,7.460724993507029,15.429546247469258,16.22142099276971,5.208727866920579,0.13045000281029692,0.1184499851660803,0.22265500883804626,0.3051890234928579,0.05777263798496359,6055.6,6073.5,6883.899999999999,7059.2,465.5700162166803,4402.174263332078,4339.412850007648,5343.767615001706,5587.993725004781,551.3087765458662,2017.6333333333334,1836.5,3073.6499999999996,3217.04,524.228606833147,498.93333333333334,443.0,844.2,863.75,157.60286235415342,2.129563958236832,2.196243277808999,2.513737815652967,2.661016396535865,0.31247544293029816,504.46666666666664,537.0,538.0,538.71,71.23282639033465,0.0021655999999999997,0.002142,0.0025761499999999997,0.003166810000000001,0.0003724479023971004,3251.8,3233.0,3779.0,3805.27,314.5186163011659,1241.4,1220.0,1599.6999999999998,1740.67,192.04697342056713,2752.866666666667,2785.5,2938.65,2943.55,183.07352499898928,908.0666666666667,883.0,1252.5499999999997,1280.0,155.99122482441834,498.93333333333334,443.0,844.2,863.75,157.60286235415342,333.3333333333333,333.0,400.29999999999995,480.3900000000001,52.483859952899394,16857.358633333333,16912.044,20327.858949999998,20444.85538,1853.3570461827996,0.0,0.0,0.0,0.0,0.0,0.3696666666666666,0.35,0.47749999999999987,0.5355000000000001,0.08506794669883337,0.775,1.0,1.0,1.0,0.343693177121688
D_W3_R2,W3,R2,30,5.88911208154362,3.960206246119924,14.80394187346974,15.332740001831553,5.420411061643502,0.10857666687419017,0.09045000479090959,0.19838501029880717,0.2505550225032494,0.054768883236696694,6053.4,5922.0,7122.25,7200.0,604.5312564293098,4822.142466666021,4580.31169998867,6333.022594990325,6864.845875000175,969.432755930246,1206.7,1206.5,1371.35,1386.1,102.08106255977812,293.03333333333336,298.0,298.0,298.71,10.925454478215336,3.7426018426972862,3.4733343599219793,4.986363508518161,5.4167903469079945,0.768676769917377,716.8,636.5,1050.1,1060.71,175.9669287110507,0.004845533333333334,0.0048085,0.0055205,0.00554133,0.0004611030783771551,3046.133333333333,3049.0,3237.1,3239.42,151.25359132559095,1384.8,1353.0,1768.85,1786.2,206.92774906554538,2753.1,2751.0,2939.1,2941.42,146.4090958012286,938.1666666666666,863.5,1271.0,1280.0,175.04991351675164,293.03333333333336,298.0,298.0,298.71,10.925454478215336,446.6333333333333,452.0,512.0,512.0,66.85879814122363,21291.839466666665,20599.3165,26511.59425,28843.63242,2836.525789059987,0.0,0.0,0.0,0.0,0.0,0.8450000000000002,0.85,0.9364999999999999,0.95,0.06103277807866851,0.7416666666666667,1.0,1.0,1.0,0.3621885635350122
D_W3_R3,W3,R3,30,7.394853333365366,7.764962505461881,14.5770543749677,14.86796849516395,5.265191291400765,0.12690999913805476,0.10369998926762491,0.2318750019185244,0.2722770077525638,0.0601281756699163,6053.166666666667,6032.0,6622.749999999999,7137.450000000001,419.17840937826094,4419.9944800018175,4333.692850006628,5596.593850008503,5943.213178989245,781.525418989042,2291.633333333333,2155.5,3901.45,4106.9400000000005,997.3431867828758,577.5,556.0,944.3,961.2,224.86792419847998,2.228893913692254,2.099021165879385,4.316362078499427,7.017535872080793,1.3343435685110785,375.3333333333333,462.0,729.55,730.71,234.4241644730527,0.0024435000000000004,0.0024685,0.00318515,0.00319384,0.0004676632513536494,3316.633333333333,3334.0,3697.75,3731.95,271.5892098167541,1244.8,1221.5,1523.1499999999996,1726.65,154.18136506508603,2739.133333333333,2749.0,2924.65,2931.68,97.85149746199879,871.6,847.5,1089.1999999999998,1233.5000000000002,107.61307231620762,577.5,556.0,944.3,961.2,224.86792419847998,373.2,358.0,512.0,512.0,75.9225043492815,17556.525333333335,17187.400999999998,21059.210649999997,21365.146660000002,1886.5155946796967,0.0,0.0,0.0,0.0,0.0,0.5943333333333333,0.5,0.9364999999999999,0.95,0.2147197139425152,0.9333333333333333,1.0,1.0,1.0,0.15723301886761007
D_W3_R4,W3,R4,30,5.810610000965728,6.777912503821426,14.506077498299419,15.410096502055241,4.690341139954404,0.11501666740514338,0.10984999244101346,0.1726700153085403,0.2575810026610271,0.0461986453944136,6007.9,6000.0,7024.599999999999,7101.04,421.76844753173907,4584.177810001226,4647.784850007156,6352.074449992506,6448.851916985004,927.1013267736942,2991.766666666667,2875.0,4069.1,4141.25,432.14825259651604,774.8666666666667,739.0,1137.2,1146.1,134.25665305261,1.353866900138315,1.3327770261978462,1.5058678402964958,1.5667659649429304,0.08416396241331818,221.8,217.0,284.1,291.39,36.209022816603785,0.0025902,0.0024619999999999998,0.0035509499999999993,0.0037061,0.000480808166874621,3532.3,3497.5,3976.0499999999993,4078.1,200.11565822460437,1266.6333333333334,1221.0,1646.8499999999992,1782.14,177.79866578677004,2757.4333333333334,2753.0,2924.8,2932.0,90.71188210788902,903.5666666666667,872.0,1225.3,1270.14,124.50506906235675,774.8666666666667,739.0,1137.2,1146.1,134.25665305261,363.06666666666666,351.0,512.0,512.0,81.87874503733487,21511.3754,21491.0305,24768.590799999998,26579.13764,2144.4280175617555,0.0,0.0,0.0,0.0,0.0,0.8226666666666669,0.85,0.9049999999999997,0.95,0.07094285650358946,0.9916666666666667,1.0,1.0,1.0,0.04487637339278753
D_W4_R0,W4,R0,30,1.0000737500377,1.0283874999004183,1.1934043741348432,1.2168567522166995,0.15685110628913745,0.018289998600569863,0.016000005416572094,0.02529498888179659,0.039734995516482755,0.006063020003510897,3670.3333333333335,3592.5,4460.349999999999,5109.920000000001,475.51399091462656,3985.4463766658832,3866.7857499967795,5511.20544498844,6695.344864979561,803.1922830574999,4169.7,4083.5,5029.299999999999,5651.22,488.2011300000578,980.4,935.0,1311.6999999999998,1354.0,133.78754301752713,1.0,1.0,1.0,1.0,0.0,0.0,0.0,0.0,0.0,0.0,0.002495233333333333,0.0024495000000000003,0.0027474999999999995,0.003584850000000001,0.00031387265818410426,3747.233333333333,3699.5,4230.849999999999,4289.42,216.2376290616927,1216.2333333333333,1165.0,1519.0499999999997,1721.4,157.3547337140584,2766.8333333333335,2763.5,2919.15,2935.42,92.54155222865505,913.2666666666667,869.5,1239.3999999999996,1279.71,131.97927446720144,980.4,935.0,1311.6999999999998,1354.0,133.78754301752713,302.96666666666664,297.5,352.1,465.89000000000016,46.512710329782145,17087.80433333333,16507.249499999998,20560.328849999998,23074.233810000005,2251.0442255436083,0.0,0.0,0.0,0.0,0.0,0.9933333333333334,1.0,1.0,1.0,0.016996731711975965,0.775,1.0,1.0,1.0,0.3614208073700241
D_W4_R1,W4,R1,30,1.0883670815625617,1.0986124980263412,1.2573756228448474,1.3688397464648008,0.13044651379052302,0.02018999948631972,0.016550009604543447,0.03809000918408852,0.0468079949496314,0.008483645360661199,3704.4,3680.5,4536.25,4721.21,503.10069237347176,4782.962013332872,4596.461699999054,6388.527234995852,6748.463534995099,885.0300385283173,1993.0666666666666,1799.5,3060.2999999999997,3177.81,529.6801508667492,488.6,428.0,845.1,846.0,161.31534334960207,2.182973498331097,2.2607027299688323,2.522432598674239,2.648222282569418,0.29984510554376065,515.4,536.0,539.0,539.0,59.31475364527783,0.0021430999999999998,0.0021384999999999998,0.0027545499999999997,0.0032250400000000006,0.000399126325031729,3235.0333333333333,3181.5,3784.1,3786.42,273.59757349476297,1240.2666666666667,1176.5,1641.9499999999998,1752.2700000000002,206.97728270405804,2746.4333333333334,2752.0,2939.2,2941.0,135.3360467708273,909.3666666666667,860.0,1280.0,1280.0,166.55419204838074,488.6,428.0,845.1,846.0,161.31534334960207,330.9,330.0,414.24999999999994,485.61000000000007,56.827428823295065,17928.725,17573.966500000002,22397.411499999995,23692.44356,2571.6973426537584,0.0,0.0,0.0,0.0,0.0,0.39999999999999986,0.35,0.6274999999999998,0.7920000000000001,0.12824455803918802,0.7666666666666667,1.0,1.0,1.0,0.3472111109333277
D_W4_R2,W4,R2,30,1.0194287476527581,1.0132562438229797,1.2387512437271653,1.2710901281388942,0.12463881392878563,0.020713332924060524,0.016099991626106203,0.04003000067314133,0.044205004232935614,0.008620083113723405,3581.8333333333335,3492.5,4417.899999999999,4699.76,403.31948323327447,4830.2006766704535,4694.353600018076,6273.3770050035655,6570.688588994381,814.7573681051233,1219.2333333333333,1232.0,1346.45,1402.5700000000002,84.05501505297322,294.1,298.0,298.0,298.71,9.997833098560243,3.6130540976457284,3.474499526717274,4.344817493732005,4.904104201447334,0.48330470120132835,677.4,649.5,1045.85,1060.13,133.9396879196006,0.004738599999999999,0.0046605,0.00539585,0.0055387200000000004,0.00047314624941272997,3052.7,3067.0,3202.25,3230.78,84.16260056184893,1332.5333333333333,1303.0,1721.7999999999997,1784.17,178.64205054304045,2758.6,2773.5,2904.25,2932.78,81.30953203653308,900.9333333333333,875.5,1267.85,1280.0,133.54298517289814,294.1,298.0,298.0,298.71,9.997833098560243,431.6,412.0,512.0,512.0,75.79868072730554,21358.7181,21226.8235,24129.10375,24794.59082,1867.0984038788874,0.0,0.0,0.0,0.0,0.0,0.7961666666666666,0.85,0.8637499999999999,0.90695,0.1072200489129197,0.8666666666666667,1.0,1.0,1.0,0.3210226714043038
D_W4_R3,W4,R3,30,1.0827300005378977,1.0827562527992995,1.2780043713064515,1.320603368403681,0.12360497755640595,0.022569999176387984,0.0161500065587461,0.046510004904121154,0.05183100409340114,0.011530716648214229,3601.8333333333335,3464.5,4633.0,4769.57,495.25145689392536,4342.880446671431,4305.649850008194,5625.0253399892235,6359.136399008567,809.9361723309848,2255.8333333333335,2281.5,3723.95,4085.8600000000006,769.2621175877281,598.6666666666666,600.5,966.2499999999999,1089.92,198.6902670545848,2.0075634750301297,1.9053731300960763,2.779229832795541,4.707675607540315,0.8084482168224876,395.96666666666664,466.0,729.1,731.42,188.9621625852353,0.0023686666666666665,0.00234,0.003326349999999999,0.00361831,0.0005032035594292058,3339.266666666667,3320.5,3793.0,3989.21,270.1151523990381,1267.2666666666667,1202.0,1774.8,1791.0,221.91168413482774,2740.6,2733.5,2931.85,2937.13,116.45388214510783,913.2666666666667,843.0,1262.8,1279.0,159.9030817575307,598.6666666666666,600.5,966.2499999999999,1089.92,198.6902670545848,354.0,337.5,512.0,512.0,80.1694039726711,17845.5196,17249.806,22200.113849999994,23289.18361,2377.5502887873417,0.0,0.0,0.0,0.0,0.0,0.6100000000000001,0.635,0.9364999999999999,0.95,0.20492274967248839,0.85,1.0,1.0,1.0,0.3
D_W4_R4,W4,R4,30,1.0882654176384676,1.0878124958253466,1.3198906246543627,1.53633425336011,0.16397998573569553,0.022206665016710758,0.01545000122860074,0.051579998398665325,0.06091599439969287,0.01397678741586724,3533.3333333333335,3509.5,4539.549999999999,4620.27,470.57782447634406,4298.89849666215,4174.915800002054,5910.410490001957,6465.170326001535,782.6626694454799,2959.633333333333,2897.5,3974.4999999999995,4072.28,452.3161492682844,770.7,741.0,1165.3999999999999,1178.71,152.66742721790177,1.3451480424355795,1.3349477850882443,1.4638581178159753,1.4993574670568897,0.06598918541751166,211.0,206.0,264.29999999999995,293.27000000000004,34.652561232901675,0.0026141999999999997,0.0025245,0.0037254,0.00373871,0.0005171515187383031,3483.1666666666665,3469.0,4081.2,4106.43,272.23801881605164,1257.2333333333333,1201.0,1789.3,1792.0,207.55877614679548,2712.4666666666667,2738.0,2924.45,2935.84,142.83690777324404,888.5333333333333,857.5,1277.3,1280.0,152.84365286861677,770.7,741.0,1165.3999999999999,1178.71,152.66742721790177,368.7,347.5,512.0,512.0,84.42241013696146,20795.070333333333,20379.464,24409.441,28603.504000000004,2448.1691236805696,0.0,0.0,0.0,0.0,0.0,0.8110000000000002,0.85,0.8884999999999998,0.92,0.09027181176868004,1.0,1.0,1.0,1.0,0.0
